<?xml version="1.0" encoding="UTF-8"?>
<project-private xmlns="http://www.netbeans.org/ns/project-private/1">
    <editor-bookmarks xmlns="http://www.netbeans.org/ns/editor-bookmarks/2" lastBookmarkId="0"/>
    <open-files xmlns="http://www.netbeans.org/ns/projectui-open-files/2">
        <group>
            <file>file:/C:/Users/MeganHaskins/Documents/NetBeansProjects/MonopolyDriver/src/monopolydriver/Crosswalk_Tile.java</file>
            <file>file:/C:/Users/MeganHaskins/Documents/NetBeansProjects/MonopolyDriver/src/monopolydriver/Decks.java</file>
            <file>file:/C:/Users/MeganHaskins/Documents/NetBeansProjects/MonopolyDriver/src/monopolydriver/Utility_Tile.java</file>
            <file>file:/C:/Users/MeganHaskins/Documents/NetBeansProjects/MonopolyDriver/src/monopolydriver/Tile_Adapter.java</file>
            <file>file:/C:/Users/MeganHaskins/Documents/NetBeansProjects/MonopolyDriver/src/monopolydriver/Property_Tile.java</file>
            <file>file:/C:/Users/MeganHaskins/Documents/NetBeansProjects/MonopolyDriver/src/monopolydriver/Dice_Roller.java</file>
            <file>file:/C:/Users/MeganHaskins/Documents/NetBeansProjects/MonopolyDriver/src/monopolydriver/Player.java</file>
            <file>file:/C:/Users/MeganHaskins/Documents/NetBeansProjects/MonopolyDriver/src/monopolydriver/Mdriver.java</file>
            <file>file:/C:/Users/MeganHaskins/Documents/NetBeansProjects/MonopolyDriver/src/monopolydriver/View1.java</file>
            <file>file:/C:/Users/MeganHaskins/Documents/NetBeansProjects/MonopolyDriver/src/monopolydriver/PropertyList.java</file>
            <file>file:/C:/Users/MeganHaskins/Documents/NetBeansProjects/MonopolyDriver/src/monopolydriver/Event_Adapter.java</file>
            <file>file:/C:/Users/MeganHaskins/Documents/NetBeansProjects/MonopolyDriver/src/monopolydriver/Board.java</file>
        </group>
    </open-files>
</project-private>
