<?xml version="1.0" encoding="UTF-8"?>

<propertyList>

	<property category="property">

		<name>REC</name>

		<location>01</location>

		<color>brown</color>

		<price>60</price>

		<mortgageValue>30</mortgageValue>

		<buildingCost>50</buildingCost>

		<rent>2</rent>

		<monopolyRent>4</monopolyRent>

		<rentHouse1>10</rentHouse1>

		<rentHouse2>30</rentHouse2>

		<rentHouse3>90</rentHouse3>

		<rentHouse4>160</rentHouse4>

		<rentHotel>250</rentHotel>

	</property>

	<property category="property">

		<name>MOR</name>

		<location>03</location>

		<color>brown</color>

		<price>60</price>

		<mortgageValue>30</mortgageValue>

		<buildingCost>50</buildingCost>

		<rent>4</rent>

		<monopolyRent>8</monopolyRent>

		<rentHouse1>20</rentHouse1>

		<rentHouse2>60</rentHouse2>

		<rentHouse3>180</rentHouse3>

		<rentHouse4>320</rentHouse4>

		<rentHotel>450</rentHotel>

	</property>

	<property category="property">

		<name>CTC</name>

		<location>06</location>

		<color>lightBlue</color>

		<price>100</price>

		<mortgageValue>50</mortgageValue>

		<buildingCost>50</buildingCost>

		<rent>6</rent>

		<monopolyRent>12</monopolyRent>

		<rentHouse1>30</rentHouse1>

		<rentHouse2>90</rentHouse2>

		<rentHouse3>270</rentHouse3>

		<rentHouse4>400</rentHouse4>

		<rentHotel>550</rentHotel>

	</property>

	<property category="property">

		<name>BEV</name>

		<location>08</location>

		<color>lightBlue</color>

		<price>100</price>

		<mortgageValue>50</mortgageValue>

		<buildingCost>50</buildingCost>

		<rent>6</rent>

		<monopolyRent>12</monopolyRent>

		<rentHouse1>30</rentHouse1>

		<rentHouse2>90</rentHouse2>

		<rentHouse3>270</rentHouse3>

		<rentHouse4>400</rentHouse4>

		<rentHotel>550</rentHotel>

	</property>

		<property category="property">

		<name>CGU</name>

		<location>09</location>

		<color>lightBlue</color>

		<price>100</price>

		<mortgageValue>50</mortgageValue>

		<buildingCost>50</buildingCost>

		<rent>6</rent>

		<monopolyRent>12</monopolyRent>

		<rentHouse1>30</rentHouse1>

		<rentHouse2>90</rentHouse2>

		<rentHouse3>270</rentHouse3>

		<rentHouse4>400</rentHouse4>

		<rentHotel>550</rentHotel>

	</property>

	<property category="property">

		<name>CGP</name>

		<location>11</location>

		<color>pink</color>

		<price>140</price>

		<mortgageValue>70</mortgageValue>

		<buildingCost>100</buildingCost>

		<rent>10</rent>

		<monopolyRent>20</monopolyRent>

		<rentHouse1>50</rentHouse1>

		<rentHouse2>150</rentHouse2>

		<rentHouse3>450</rentHouse3>

		<rentHouse4>625</rentHouse4>

		<rentHotel>750</rentHotel>

	</property>

	<property category="property">

		<name>SPR</name>

		<location>13</location>

		<color>pink</color>

		<price>140</price>

		<mortgageValue>70</mortgageValue>

		<buildingCost>100</buildingCost>

		<rent>10</rent>

		<monopolyRent>20</monopolyRent>

		<rentHouse1>50</rentHouse1>

		<rentHouse2>150</rentHouse2>

		<rentHouse3>450</rentHouse3>

		<rentHouse4>625</rentHouse4>

		<rentHotel>750</rentHotel>

	</property>

	<property category="property">

		<name>UFC</name>

		<location>14</location>

		<color>pink</color>

		<price>160</price>

		<mortgageValue>80</mortgageValue>

		<buildingCost>100</buildingCost>

		<rent>12</rent>

		<monopolyRent>24</monopolyRent>

		<rentHouse1>60</rentHouse1>

		<rentHouse2>180</rentHouse2>

		<rentHouse3>500</rentHouse3>

		<rentHouse4>700</rentHouse4>

		<rentHotel>900</rentHotel>

	</property>

	<property category="property">

		<name>BAB</name>

		<location>16</location>

		<color>orange</color>

		<price>180</price>

		<mortgageValue>90</mortgageValue>

		<buildingCost>100</buildingCost>

		<rent>14</rent>

		<monopolyRent>28</monopolyRent>

		<rentHouse1>70</rentHouse1>

		<rentHouse2>200</rentHouse2>

		<rentHouse3>550</rentHouse3>

		<rentHouse4>750</rentHouse4>

		<rentHotel>950</rentHotel>

	</property>

	<property category="property">

		<name>DDC</name>

		<location>18</location>

		<color>orange</color>

		<price>180</price>

		<mortgageValue>90</mortgageValue>

		<buildingCost>100</buildingCost>

		<rent>14</rent>

		<monopolyRent>28</monopolyRent>

		<rentHouse1>70</rentHouse1>

		<rentHouse2>200</rentHouse2>

		<rentHouse3>550</rentHouse3>

		<rentHouse4>750</rentHouse4>

		<rentHotel>950</rentHotel>

	</property>

	<property category="property">

		<name>LIB</name>

		<location>19</location>

		<color>orange</color>

		<price>200</price>

		<mortgageValue>100</mortgageValue>

		<buildingCost>100</buildingCost>

		<rent>16</rent>

		<monopolyRent>32</monopolyRent>

		<rentHouse1>80</rentHouse1>

		<rentHouse2>220</rentHouse2>

		<rentHouse3>600</rentHouse3>

		<rentHouse4>800</rentHouse4>

		<rentHotel>1000</rentHotel>

	</property>

	<property category="property">

		<name>CGV</name>

		<location>21</location>

		<color>red</color>

		<price>220</price>

		<mortgageValue>110</mortgageValue>

		<buildingCost>150</buildingCost>

		<rent>18</rent>

		<monopolyRent>36</monopolyRent>

		<rentHouse1>90</rentHouse1>

		<rentHouse2>250</rentHouse2>

		<rentHouse3>700</rentHouse3>

		<rentHouse4>875</rentHouse4>

		<rentHotel>1050</rentHotel>

	</property>

	<property category="property">

		<name>FFH</name>

		<location>23</location>

		<color>red</color>

		<price>220</price>

		<mortgageValue>110</mortgageValue>

		<buildingCost>150</buildingCost>

		<rent>18</rent>

		<monopolyRent>36</monopolyRent>

		<rentHouse1>90</rentHouse1>

		<rentHouse2>250</rentHouse2>

		<rentHouse3>700</rentHouse3>

		<rentHouse4>875</rentHouse4>

		<rentHotel>1050</rentHotel>

	</property>

	<property category="property">

		<name>NCH</name>

		<location>24</location>

		<color>red</color>

		<price>240</price>

		<mortgageValue>120</mortgageValue>

		<buildingCost>150</buildingCost>

		<rent>20</rent>

		<monopolyRent>40</monopolyRent>

		<rentHouse1>100</rentHouse1>

		<rentHouse2>300</rentHouse2>

		<rentHouse3>750</rentHouse3>

		<rentHouse4>925</rentHouse4>

		<rentHotel>1100</rentHotel>

	</property>

	<property category="property">

		<name>CRH</name>

		<location>26</location>

		<color>yellow</color>

		<price>260</price>

		<mortgageValue>130</mortgageValue>

		<buildingCost>150</buildingCost>

		<rent>22</rent>

		<monopolyRent>44</monopolyRent>

		<rentHouse1>110</rentHouse1>

		<rentHouse2>330</rentHouse2>

		<rentHouse3>800</rentHouse3>

		<rentHouse4>975</rentHouse4>

		<rentHotel>1150</rentHotel>

	</property>

	<property category="property">

		<name>NUR</name>

		<location>27</location>

		<color>yellow</color>

		<price>260</price>

		<mortgageValue>130</mortgageValue>

		<buildingCost>150</buildingCost>

		<rent>22</rent>

		<monopolyRent>44</monopolyRent>

		<rentHouse1>110</rentHouse1>

		<rentHouse2>330</rentHouse2>

		<rentHouse3>800</rentHouse3>

		<rentHouse4>975</rentHouse4>

		<rentHotel>1150</rentHotel>

	</property>

		<property category="property">

		<name>ELC</name>

		<location>29</location>

		<color>yellow</color>

		<price>280</price>

		<mortgageValue>140</mortgageValue>

		<buildingCost>150</buildingCost>

		<rent>24</rent>

		<monopolyRent>48</monopolyRent>

		<rentHouse1>120</rentHouse1>

		<rentHouse2>360</rentHouse2>

		<rentHouse3>850</rentHouse3>

		<rentHouse4>1025</rentHouse4>

		<rentHotel>1200</rentHotel>

	</property>

	<property category="property">

		<name>MSB</name>

		<location>31</location>

		<color>green</color>

		<price>300</price>

		<mortgageValue>150</mortgageValue>

		<buildingCost>200</buildingCost>

		<rent>26</rent>

		<monopolyRent>52</monopolyRent>

		<rentHouse1>130</rentHouse1>

		<rentHouse2>390</rentHouse2>

		<rentHouse3>900</rentHouse3>

		<rentHouse4>1100</rentHouse4>

		<rentHotel>1275</rentHotel>

	</property>

	<property category="property">

		<name>SST</name>

		<location>32</location>

		<color>green</color>

		<price>300</price>

		<mortgageValue>150</mortgageValue>

		<buildingCost>200</buildingCost>

		<rent>26</rent>

		<monopolyRent>52</monopolyRent>

		<rentHouse1>130</rentHouse1>

		<rentHouse2>390</rentHouse2>

		<rentHouse3>900</rentHouse3>

		<rentHouse4>1100</rentHouse4>

		<rentHotel>1275</rentHotel>

	</property>

	<property category="property">

		<name>OPB</name>

		<location>34</location>

		<color>green</color>

		<price>320</price>

		<mortgageValue>160</mortgageValue>

		<buildingCost>200</buildingCost>

		<rent>28</rent>

		<monopolyRent>56</monopolyRent>

		<rentHouse1>150</rentHouse1>

		<rentHouse2>450</rentHouse2>

		<rentHouse3>1000</rentHouse3>

		<rentHouse4>1200</rentHouse4>

		<rentHotel>1400</rentHotel>

	</property>

	<property category="property">

		<name>ENG</name>

		<location>37</location>

		<color>darkBlue</color>

		<price>350</price>

		<mortgageValue>175</mortgageValue>

		<buildingCost>200</buildingCost>

		<rent>35</rent>

		<monopolyRent>70</monopolyRent>

		<rentHouse1>175</rentHouse1>

		<rentHouse2>500</rentHouse2>

		<rentHouse3>1100</rentHouse3>

		<rentHouse4>1300</rentHouse4>

		<rentHotel>1500</rentHotel>

	</property>

	<property category="property">

		<name>OKT</name>

		<location>39</location>

		<color>darkBlue</color>

		<price>400</price>

		<mortgageValue>200</mortgageValue>

		<buildingCost>200</buildingCost>

		<rent>50</rent>

		<monopolyRent>100</monopolyRent>

		<rentHouse1>200</rentHouse1>

		<rentHouse2>600</rentHouse2>

		<rentHouse3>1400</rentHouse3>

		<rentHouse4>1700</rentHouse4>

		<rentHotel>2000</rentHotel>

	</property>

	<property category="crosswalk">

		<name>Holmes</name>

		<location>05</location>

		<price>200</price>

		<rent1>25</rent1>

		<rent2>50</rent2>

		<rent3>100</rent3>

		<rent4>200</rent4>

	</property>

	<property category="crosswalk">

		<name>JohnWright</name>

		<location>15</location>

		<price>200</price>

		<rent1>25</rent1>

		<rent2>50</rent2>

		<rent3>100</rent3>

		<rent4>200</rent4>

	</property>

	<property category="crosswalk">

		<name>BenGraves</name>

		<location>25</location>

		<price>200</price>

		<rent1>25</rent1>

		<rent2>50</rent2>

		<rent3>100</rent3>

		<rent4>200</rent4>

	</property>

	<property category="crosswalk">

		<name>Sparkman</name>

		<location>35</location>

		<price>200</price>

		<rent1>25</rent1>

		<rent2>50</rent2>

		<rent3>100</rent3>

		<rent4>200</rent4>

	</property>

	<property category="utility">

		<name>Washer</name>

		<location>28</location>

		<price>150</price>

		<mortgageValue>75</mortgageValue>

		<rent1>4*diceRoll()</rent1>

		<rent2>10*diceRoll()</rent2>

	</property>

	<property category="utility">

		<name>Dryer</name>

		<location>12</location>

		<price>150</price>

		<mortgageValue>75</mortgageValue>

		<rent1>4*diceRoll()</rent1>

		<rent2>10*diceRoll()</rent2>

	</property>

</propertyList>
